accuracy,precision,recall,f1_score
0.4,0.25,0.3333333333333333,0.27777777777777773
