accuracy,precision,recall,f1_score
0.6,0.4166666666666667,0.5,0.4444444444444444
